<?xml version="1.0" encoding="UTF-8"?>
<!DOCTYPE temporada SYSTEM "data.dtd">
<temporada anno="2000">
    <jornada numero="l">
        <partido numero="I1lI">
            <fecha>2000-02-02</fecha>
            <estadio espectadores="49000">Lansdowne Road</estadio>
            <local>Irlanda</local>
            <visitante>Inglaterra</visitante>
            <resultado local="17" visitante="6" />
        </partido>

        <partido numero="F12G">
            <fecha>2000-02-03</fecha>
            <estadio espectadores="27000">El parque de los príncipes</estadio>
            <local>Francia</local>
            <visitante>Gales</visitante>
            <aplazado />
        </partido>

        <partido numero="F13I">
            <fecha>2000-02-04</fecha>
            <estadio espectadores="61000">El parque de los príncipes</estadio>
            <local>Francia</local>
            <visitante>Iglaterra</visitante>
            <aplazado />
        </partido>
    </jornada>
    <jornada numero="2">
        <partido numero="4">
            <fecha>2004-05-05</fecha>
            <estadio>El parque de los príncipes</estadio>
            <local>Escocia</local>
            <visitante>Irlanda</visitante>
            <aplazado />
        </partido>

        <partido numero="5">
            <fecha>2004-07-07</fecha>
            <estadio>El parque de los príncipes</estadio>
            <local>Gales</local>
            <visitante>Italia</visitante>
            <aplazado />
        </partido>

        <partido numero="6">
            <fecha>2004-04-02</fecha>
            <estadio>El parque de los príncipes</estadio>
            <local>Italia</local>
            <visitante>Gales</visitante>
            <aplazado />
        </partido>
    </jornada>

    <jornada numero="3">
        <partido numero="I1lI">
            <fecha>2001-02-02</fecha>
            <estadio espectadores="49000">Lansdowne Road</estadio>
            <local>Irlanda</local>
            <visitante>Inglaterra</visitante>
            <resultado local="17" visitante="6" />
        </partido>

        <partido numero="F12G">
            <fecha>2001-02-03</fecha>
            <estadio espectadores="27000">El parque de los príncipes</estadio>
            <local>Francia</local>
            <visitante>Gales</visitante>
            <aplazado />
        </partido>

        <partido numero="F13I">
            <fecha>2001-02-04</fecha>
            <estadio espectadores="61000">El parque de los príncipes</estadio>
            <local>Francia</local>
            <visitante>Iglaterra</visitante>
            <aplazado />
        </partido>
    </jornada>

    <jornada numero="4">
        <partido numero="I1lI">
            <fecha>2001-02-02</fecha>
            <estadio espectadores="49000">Lansdowne Road</estadio>
            <local>Irlanda</local>
            <visitante>Inglaterra</visitante>
            <resultado local="17" visitante="6" />
        </partido>

        <partido numero="F12G">
            <fecha>2001-02-03</fecha>
            <estadio espectadores="27000">El parque de los príncipes</estadio>
            <local>Francia</local>
            <visitante>Gales</visitante>
            <aplazado />
        </partido>

        <partido numero="F13I">
            <fecha>2001-02-04</fecha>
            <estadio espectadores="61000">El parque de los príncipes</estadio>
            <local>Francia</local>
            <visitante>Iglaterra</visitante>
            <aplazado />
        </partido>
    </jornada>
    <jornada numero="5">
        <partido numero="I1lI">
            <fecha>2001-02-02</fecha>
            <estadio espectadores="49000">Lansdowne Road</estadio>
            <local>Irlanda</local>
            <visitante>Inglaterra</visitante>
            <resultado local="17" visitante="6" />
        </partido>

        <partido numero="F12G">
            <fecha>2001-02-03</fecha>
            <estadio espectadores="27000">El parque de los príncipes</estadio>
            <local>Francia</local>
            <visitante>Gales</visitante>
            <aplazado />
        </partido>

        <partido numero="F13I">
            <fecha>2001-02-04</fecha>
            <estadio espectadores="61000">El parque de los príncipes</estadio>
            <local>Francia</local>
            <visitante>Iglaterra</visitante>
            <aplazado />
        </partido>
    </jornada>
</temporada>